2017-06-06,Ĵʦѧ2017ӹѧԺʵҽɹĿб,http://202.61.88.152:9002/view/staticpags/jggg/2017-06-06/d60156d216fb4b73a099d8a23ac6cd28.html
2017-06-06,ɶҽҩѧҽԺ2017ҽ豸ɹĿڶΣбɹ,http://202.61.88.152:9002/view/staticpags/gkzbcggg/2017-06-06/5405865ddf884352977d5dbd7b0bd100.html
2017-06-06,"�Ĵ�ʡ��Ԫ����,�Ĵ�ʡ��������,�Ĵ�ʡ��������2017�����ﷸ������������(��������)�ɹ���Ŀ�����б��ɹ���������",http://202.61.88.152:9002/view/staticpags/gzgg/2017-06-06/f1b2c3d1c74140c69f08d1675e21cd7c.html
2017-06-06,"�Ĵ�ʡ��ɽ����,�Ĵ�ʡ��������,�Ĵ�ʡ���Ѽ���2017�����ﷸ������������(��������)�ɹ���Ŀ�����б��ɹ���������",http://202.61.88.152:9002/view/staticpags/gzgg/2017-06-06/098a8a14b7374ca5a4ee109d7456b618.html
2017-06-06,˱ѧԺѧʵʵѵƽ̨豸ɹĿڶΣбɹ,http://202.61.88.152:9002/view/staticpags/gkzbcggg/2017-06-06/66fefb20f75c46739d290b32397fe39a.html
2017-06-06,ĴʡͼƻϢĴʡҽϢϵͳʡֱйܷɹԴ̽,http://202.61.88.152:9002/view/staticpags/jggg/2017-06-06/fc09ac06e39b40b886b1bb0e9a697d60.html
2017-06-06,ĴʡϢĴʡϢĴʡϢϵͳбɹ,http://202.61.88.152:9002/view/staticpags/gzgg/2017-06-06/67941e4ad1134b329501225dafb81e3f.html
2017-06-06,ҽѧԺŸĽ̾Դ̲ɹ,http://202.61.88.152:9002/view/staticpags/jzxcscggg/2017-06-06/04a1a90156fe4235ad41781d757b4aa4.html
2017-06-06,ĴѧԺʵ豸ɹĿбɹ,http://202.61.88.152:9002/view/staticpags/gkzbcggg/2017-06-06/adcc9a7b3ea14e24a920159eb52f0559.html
2017-06-06,ĴʡվվۺϹϵͳ輰ԶϵͳάĿ,http://202.61.88.152:9002/view/staticpags/gzgg/2017-06-06/0e26204d683943afaeabc17067ee22fa.html
2017-06-06,ĴְͨҵѧԺ2017귿ɹĿɹڶΣԴ̲ɹ,http://202.61.88.152:9002/view/staticpags/gzgg/2017-06-06/4ded79cda9384295b2e8ab21b4320ecf.html
2017-06-06,ҽѧԺҽԺľʰ칫Ҿɹбɹ,http://202.61.88.152:9002/view/staticpags/gkzbcggg/2017-06-06/29b79047d1e946da8343799c2aab5008.html
2017-06-06,Ĵʡѧо2017ҽƼ豸ɹĿбɹ,http://202.61.88.152:9002/view/staticpags/gkzbcggg/2017-06-06/3c7d6483279548e9959bebdce651e8dc.html
2017-06-06,ĴʡҽҩѧԺҽо2017ҽ豸ɹĿбɹ,http://202.61.88.152:9002/view/staticpags/gzgg/2017-06-06/403383e6ea01420aa1af7a45882ab0dc.html
2017-06-06,Ĵʦѧ2017ѧԺʵҽ裨ڶΣɹĿб,http://202.61.88.152:9002/view/staticpags/jggg/2017-06-06/2289b42c0ba545e8b1e5d73433c9b7f0.html
2017-06-06,ĴʡųĴȨۺϷƽ̨ȫ չĿڶΣбɹ,http://202.61.88.152:9002/view/staticpags/gkzbcggg/2017-06-06/95c8dc70796349d287e048609955499b.html
2017-06-06,ĴְͨҵѧԺҵ˼רҵʵѵؽɹĿڶΣбɹ,http://202.61.88.152:9002/view/staticpags/gkzbcggg/2017-06-06/83320e88270c426f8e58cc2810f70b1e.html
2017-06-06,ĴĻҵְҵѧԺĴʡɲѧԺѧĿԴ̲ɹ,http://202.61.88.152:9002/view/staticpags/gzgg/2017-06-06/8c402ac878fb40358106a366e6437912.html
2017-06-06,ĴʡͼƻϢĴʡʡҽƴݷӦƽ̨ɹĿбɹ,http://202.61.88.152:9002/view/staticpags/gkzbcggg/2017-06-06/8900d72ff6ac4dde876d3ab15d22c6be.html
2017-06-06,ĴʦѧϢʵʩ񼰷ɹĿбɹ,http://202.61.88.152:9002/view/staticpags/gkzbcggg/2017-05-27/ddb6f891d9b34732b332888c79f8c9d0.html
2017-06-06,ĴʡҵоԺʵ¥ݸ¸쾺̸н,http://202.61.88.152:9002/view/staticpags/jggg/2017-06-06/156213a219d74611b72df93999d34e69.html
2017-06-06,ĴʡܶĴʡʩɹĿ,http://202.61.88.152:9002/view/staticpags/gzgg/2017-06-06/9e5e122dcaa64a228b5668574fa944d6.html
2017-06-06,ĴʡƱýɹĿб,http://202.61.88.152:9002/view/staticpags/jggg/2017-06-06/a02ddc2c6ae745738e44c0b695a6dd8e.html
2017-06-06,ĴʡԴϹݵϢȺҵ辺Դ̽,http://202.61.88.152:9002/view/staticpags/jggg/2017-05-17/342d38de0331499594dcb710ba665073.html
2017-06-06,Ĵʦѧ2017ʵҼҴɹĿб,http://202.61.88.152:9002/view/staticpags/jggg/2017-06-06/faf34f5b28c14ddd828595c1e04f62b1.html
2017-06-06,ĴʡˮũҵˮƷȫලļ豸ɹĿбɹ,http://202.61.88.152:9002/view/staticpags/gkzbcggg/2017-06-05/e435bf0269214e6b86160383006ef75d.html
2017-06-06,ĴʡԴϹݴ洢豸ɹĿ̸н,http://202.61.88.152:9002/view/staticpags/jggg/2017-06-05/8cdc7d9c165a46c3b3b85357f4d83760.html
2017-06-06,ɶѧɶѧϱ¥·칤̾Դ̲ɹ,http://202.61.88.152:9002/view/staticpags/gzgg/2017-06-06/8c53cd2a00f94a3b97718e0d88386132.html
2017-06-06,ĴʡԴϢCA֤ϵͳɵ[2017]3ţһԴ,http://202.61.88.152:9002/view/staticpags/jggg/2017-06-06/19cc8d8f325a40be9d4b048f4dfb125c.html
2017-06-06,ϿƼѧӴǲǵ豸ɹбɹ,http://202.61.88.152:9002/view/staticpags/gkzbcggg/2017-06-06/4c200dadc856412ea4975bd407b0a212.html
2017-06-06,ĴְҵѧԺƴ洢豸ɹĿ̸вɹ,http://202.61.88.152:9002/view/staticpags/jzxtpcggg/2017-06-06/cd31920215ff4cedb0a503eff86ad875.html
2017-06-06,ĴʡǿƸ䶾Ĵʡ»ǿƸ䶾Ĵʡ䶾ֲʳҽ豸ɹĿԴ̽,http://202.61.88.152:9002/view/staticpags/jggg/2017-06-06/3077fd80f1794a44b88d5fb9968bd09c.html
2017-06-06,ϿƼѧϱʵҽѧ豸бɹ,http://202.61.88.152:9002/view/staticpags/gkzbcggg/2017-06-06/b07197d1f948466dae20c2da6f64b51c.html
2017-06-06,Ĵʦѧ2017װѧԺʵҽɹĿб,http://202.61.88.152:9002/view/staticpags/jggg/2017-06-06/4d281af4ac744cb28cb3d48914b8ddd8.html
2017-06-06,ɶѧɶѧ2017ͼֽͼ鹩ӦΧɹĿбɹ,http://202.61.88.152:9002/view/staticpags/gkzbcggg/2017-06-06/9029e6db121c4d4db17530a2ac1544b7.html
2017-06-06,Ĵʦѧ2017ȼվȫɹĿڶΣбɹ,http://202.61.88.152:9002/view/staticpags/gkzbcggg/2017-06-05/f319915a4fa74e0da374180475c84122.html
2017-06-06,Ĵʦѧ2017׼ʳά޸()̲ɹĿԴ̽,http://202.61.88.152:9002/view/staticpags/jggg/2017-06-06/ea6d487a1b704e43aba573df07dafdee.html
2017-06-06,йó״ٽίԱĴʡֻɶǲչԴ̽,http://202.61.88.152:9002/view/staticpags/jggg/2017-05-31/30b29aa3ad3c470bbead5db124250356.html
2017-06-06,ĴʡƳĴʡؼͼС2016347ɹĿбɹ,http://202.61.88.152:9002/view/staticpags/gkzbcggg/2017-06-05/b4ab1984d57d44929d6b15d6b49dc1fc.html
2017-06-06,ĴְҵѧԺܻʵѵĲɹĿ,http://202.61.88.152:9002/view/staticpags/gzgg/2017-06-05/f6df2f0158fc411697b49cfa151f137e.html
2017-06-06,ĴʡǿƸ䶾Ĵʡ»ǿƸ䶾ǿԱʣס桢ͣɹڶΣбɹ,http://202.61.88.152:9002/view/staticpags/gkzbcggg/2017-06-06/cfd9f184fa85447eb404e19bdcdc916e.html
2017-06-06,ĴְҵѧԺĴְҵѧԺϢϵ͹ϵʵѵҽɹĿڶΣбɹ,http://202.61.88.152:9002/view/staticpags/gkzbcggg/2017-06-06/314f1ebeb7404613b94dea289c70d845.html
2017-06-06,Ĵʡ˿ѧУרҵѧɹ,http://202.61.88.152:9002/view/staticpags/gzgg/2017-06-06/05ce1bfd7a0446739073fe35f6fdb352.html
2017-06-06,ɶҽҩѧԺѧУҽҼʾרҵĿڶΣԴ̲ɹ,http://202.61.88.152:9002/view/staticpags/jzxcscggg/2017-05-31/767494b0f31f495bac479585b34a4c24.html
2017-06-06,Ĵʡڽ̸,http://202.61.88.152:9002/view/staticpags/gzgg/2017-06-02/b19627e4e5eb4e78b14db53bcbdfb396.html
2017-06-06,ĴʡũҵѧԺңӦоϢϵͳɹĿб,http://202.61.88.152:9002/view/staticpags/jggg/2017-06-05/f99b2285d60a4f1c8ccbeb74c2e9decb.html
2017-06-06,ɶҽҩѧԺѧУʵ豸пػɹ밲װĿڶΣ̸вɹ,http://202.61.88.152:9002/view/staticpags/jzxtpcggg/2017-05-31/1220948f45e2469cb63ebaf976f4265d.html
2017-06-06,ĴϢְҵѧԺ2017ҵ(ڶΣɹĿбɹ,http://202.61.88.152:9002/view/staticpags/gkzbcggg/2017-06-02/909e031e9ef24cab9bcd6db401051a50.html
2017-06-05,Ĵʡ˹ҵʾֶ˶Ĵʡ˹ҵʾֶ˶ӻʩάɹĿԴ̲ɹ,http://202.61.88.152:9002/view/staticpags/jzxcscggg/2017-06-02/4376a996261449468ba200b510ab10f8.html
2017-06-05,ʡѧǰ´˷ɡڶΣԴ̲ɹ,http://202.61.88.152:9002/view/staticpags/jzxcscggg/2017-06-05/223b1cb98f624f1485469816e63085a5.html
2017-06-05,ĴʡųĴȨۺϷƽ̨ȫչĿб,http://202.61.88.152:9002/view/staticpags/jggg/2017-06-05/1e575aada77a4c0c887932ddb150d5e4.html
2017-06-05,Ĵũҵѧũҵصʵҹ豸ɹĿб,http://202.61.88.152:9002/view/staticpags/jggg/2017-06-05/d3016cd6c58d4d8293515f9a7e0ab06d.html
2017-06-05,ĴʡԤİ̲ԼɹĿб,http://202.61.88.152:9002/view/staticpags/jggg/2017-06-05/bd0f4b2fc025424585c131e59128d971.html
2017-06-05,ĴʡȫලĴʡ2016갲ȫܲżִרҵװĿб,http://202.61.88.152:9002/view/staticpags/jggg/2017-06-05/a7c5dce2b3c24fb1a6e8de3bf3f1332c.html
2017-06-05,ĴʡͼƻίԱ2017豸Ŀ[2017]9ţб,http://202.61.88.152:9002/view/staticpags/jggg/2017-06-05/8f4292efea6e498abd2efef661391547.html
2017-06-05,ĴְҵѧԺĴְҵѧԺϢϵ͹ϵʵѵҽɹĿб,http://202.61.88.152:9002/view/staticpags/jggg/2017-06-01/d2b3760a69834bfba5cdbc7f83db334b.html
2017-06-05,ʦѧԺ2017ѧ豸ɹĿб,http://202.61.88.152:9002/view/staticpags/jggg/2017-06-05/94838574b6294355b2bd8c99b93120fc.html
2017-06-05,Ĵ㲥̨2017ͰװˮƿװˮɹĿԴ̽,http://202.61.88.152:9002/view/staticpags/jggg/2017-06-05/c1293875eff44b9b8b6ca3a8eb113489.html
2017-06-05,ɶҽҩѧҽԺ2017ҽ豸ɹĿб,http://202.61.88.152:9002/view/staticpags/jggg/2017-06-05/7aa294a12e784db688fca691495270e4.html
2017-06-05,ĴʡũҵѧԺˮоǱDYZC2017008-1šб,http://202.61.88.152:9002/view/staticpags/jggg/2017-06-05/3f64ca0991a64fa9a9f64a9371e36655.html
2017-06-05,Ĵ㲥̨˫Ƶ칫б,http://202.61.88.152:9002/view/staticpags/jggg/2017-06-05/abd0dd1e084d4cc998fc542314eeb3d6.html
2017-06-05,ĴʡˮְҵѧԺĴˮְҵѧԺѧרάĿξԴ̽,http://202.61.88.152:9002/view/staticpags/jggg/2017-06-05/4326f7619741468b8703b7c5b6ed7db6.html
2017-06-05,ĴְͨҵѧԺҵ˼רҵʵѵؽɹĿб,http://202.61.88.152:9002/view/staticpags/jggg/2017-06-02/84426fa0c5934b5b8501603142fbbc87.html
2017-06-05,ĴʡͨܶĴʡ·ͨƸĸʮɹչʾɹĿԴ̽,http://202.61.88.152:9002/view/staticpags/jggg/2017-06-02/0d680eb477924695a4f9adde107cbffa.html
2017-06-05,ʡίĴʡʲලίԱɶнţͬ·112017Ȱ칫¥ĿһԴ,http://202.61.88.152:9002/view/staticpags/jggg/2017-06-05/a63425ccf85f4c209779de5cf0887c48.html
2017-06-05,Ĵʡ˿ѧУרҵѧɹ̸вɹ,http://202.61.88.152:9002/view/staticpags/jzxtpcggg/2017-06-05/467be76121e44e0893858684a0e0dab6.html
2017-06-05,ĴʡũҵѧԺ豸бɹ,http://202.61.88.152:9002/view/staticpags/gkzbcggg/2017-06-05/f183b3a66ae84806a8fbf400fd071e17.html
2017-06-05,ĴʡǿҽԺ洢άĿбɹ,http://202.61.88.152:9002/view/staticpags/gkzbcggg/2017-05-23/4b4d2f2cf75b41559f8147d3db3ceacb.html
2017-06-05,ĴʵְҵѧԺҾþ߹бɹ,http://202.61.88.152:9002/view/staticpags/gkzbcggg/2017-05-24/e3494f3a3eca49569820405adb6c9117.html
2017-06-05,ĴʡͼƻίԱвʽӪɹĿڶΣбɹ,http://202.61.88.152:9002/view/staticpags/gkzbcggg/2017-06-05/d97b994ca2874455aff277e52e0af410.html
2017-06-05,ĴѧԺľ豸ɹĿбɹ,http://202.61.88.152:9002/view/staticpags/gkzbcggg/2017-06-05/7b6a8ac53b344a2683dae271b47c0416.html
2017-06-05,ĴʡԴϢļбɹ,http://202.61.88.152:9002/view/staticpags/gkzbcggg/2017-05-24/b74050079ff244879157904ad6bca31d.html
2017-06-05,ĴַɹĿԴ̲ɹ,http://202.61.88.152:9002/view/staticpags/jzxcscggg/2017-06-02/f1e6bbd3b1f94575ab50b5b417b1f49d.html
2017-06-05,ĴʡʳѧУ˶ĿԴ̲ɹ,http://202.61.88.152:9002/view/staticpags/jzxcscggg/2017-06-05/69b0ffc1e8bb4363b5ff8b17de0aff6e.html
2017-06-04,ĴʡǿƸ䶾Ĵʡ»ǿƸ䶾ǿԱʣס桢ͣɹб,http://202.61.88.152:9002/view/staticpags/jggg/2017-06-04/8e39996fab634384b305b8af4020033d.html
2017-06-02,ɶϢ̴ѧװཨϵӦòɹĿ  Դ̲ɹ,http://202.61.88.152:9002/view/staticpags/jzxcscggg/2017-06-01/fc0da188b4fc43a0ab18ff8fa9cf50d5.html
2017-06-02,ĴѧԺյڶΣԴ̽,http://202.61.88.152:9002/view/staticpags/jggg/2017-06-02/8d0a45b93aec488e9c8aefc126e87a68.html
2017-06-02,˱ѧԺ˱ѧԺ¥ά޺װĿԴ̽,http://202.61.88.152:9002/view/staticpags/jggg/2017-06-02/419aa619764c4547a2631f8b4d67626f.html
2017-06-02,ĴʡũҵϢĴʡũҵϢĻĿһԴ,http://202.61.88.152:9002/view/staticpags/jggg/2017-06-01/a34910d96f054aac80866c8a95aa6710.html
2017-06-02,ĴʡͼƻලִܶƷ̸[2017]8ţ̸вɹ,http://202.61.88.152:9002/view/staticpags/jzxtpcggg/2017-06-01/49f6f6bf9de345a4bf1e663b95f3ba56.html
2017-06-02,ĴʡڽǿƸ䶾ĴʡǿƸ䶾ĴʡڽǿƸ䶾2017䶾ԱɹĿڶΣбɹ,http://202.61.88.152:9002/view/staticpags/gkzbcggg/2017-06-02/96aa1a7843b146d181b4d93b2555b4b4.html
2017-06-02,ĴʡɹƷĿбɹ,http://202.61.88.152:9002/view/staticpags/gkzbcggg/2017-06-02/0a01812b36e240fb9f9c61fdf9667843.html
2017-06-02,ɶҽҩѧͼݾܿյϵͳĿбɹ,http://202.61.88.152:9002/view/staticpags/gkzbcggg/2017-06-02/1bb41bab71504cff9c2bfc21e6e792f9.html
2017-06-02,ĴְҵѧԺĴְҵѧԺҵ켼ĲɹĿڶΣбɹ,http://202.61.88.152:9002/view/staticpags/gkzbcggg/2017-06-02/7d77e83b47ca404989fce09af4145bc1.html
2017-06-02,ĴʡϻĴʡϻᡰлĴѲݲɹĿԴ̲ɹ,http://202.61.88.152:9002/view/staticpags/jzxcscggg/2017-06-02/c08eb7dd7746493884e85e33b61731c3.html
2017-06-02,ĴʡĴϷAPPɹĿԴ̲ɹ,http://202.61.88.152:9002/view/staticpags/jzxcscggg/2017-06-02/23b0bc0ca696413c9012c8ef6207149f.html
2017-06-02,Ĵʦѧ2017Ӱ봫ýѧԺʵά޸칤̲ɹĿ,http://202.61.88.152:9002/view/staticpags/gzgg/2017-06-02/e42e3d48f38b4cc6889c47564354e213.html
2017-06-02,ĴʦѧĴʦѧ2017깤ѧԺʵҽɹĿΣбɹ,http://202.61.88.152:9002/view/staticpags/gzgg/2017-06-02/48ee3d0a6e2b4946a368174e599e0afc.html
2017-06-02,ĴʡϢļϢϵͳάɹĿ,http://202.61.88.152:9002/view/staticpags/gzgg/2017-06-02/5a481db12c1748df827c0579767d3858.html
2017-06-02,Ĵʦѧ2017ʨɽУ緿ͨά޸칤̲ɹĿԴ̽,http://202.61.88.152:9002/view/staticpags/gzgg/2017-06-02/2f7bb0ba3e1a4fd590be9f2ed70a19d2.html
2017-06-02,ĴְҵѧԺѧý弰LEDʾб,http://202.61.88.152:9002/view/staticpags/jggg/2017-06-02/286f06795efb47d097859b610bd226ad.html
2017-06-02,Ĵʡͳƾֻ2017굽ݾֹר߶·÷һԴ,http://202.61.88.152:9002/view/staticpags/jggg/2017-06-02/49d7a9e2461840f58cc153ce9a4fc3cf.html
2017-06-02,Ĵʦѧ2017ȼվȫɹĿб,http://202.61.88.152:9002/view/staticpags/jggg/2017-06-02/1e262fe2ea694441984eddcc767a55ce.html
2017-06-02,ĴʡʳƷҩƷѧУѧԢĿ,http://202.61.88.152:9002/view/staticpags/jggg/2017-06-02/6d509ba429464471a7203e24beb7a933.html
2017-06-02,ĴѧԺ2017ڿͼѡƸӦ̷ɹĿб,http://202.61.88.152:9002/view/staticpags/jggg/2017-06-02/ff647f642604494ab4629471e487d717.html
2017-06-02,ĴϢְҵѧԺ2017ϵѧ豸ɹĿб,http://202.61.88.152:9002/view/staticpags/jggg/2017-06-02/8d43535ef5be4c6e945e01d6332ff7f5.html
2017-06-02,ĴʡˮˮԴĴʡˮˮԴҵɹĿԴ̽,http://202.61.88.152:9002/view/staticpags/jggg/2017-06-02/494a7b91bdf84cfc92da9ab582170250.html
2017-06-02,Ĵʡί֯˴ϢϵͳɹĿԴ̽,http://202.61.88.152:9002/view/staticpags/jggg/2017-06-02/179c9da776a84fc2bc16711f6b630084.html
2017-06-01,Ĵʡ95666Ϣϴ˹⴫豸ȼά񹫿бɹ,/view/staticpags/gkzbcggg/402886875c5c048e015c629b79d10a72.html
2017-06-01,ĴʡίҵɹĿԴ̲ɹ,http://202.61.88.152:9002/view/staticpags/jzxcscggg/2017-05-15/8a41b3145dba44fc99c97dd973a3f60e.html
2017-06-01,ĴѧԺ㶫Уѧܵϵͳ칤̲ɹĿԴ̲ɹ,http://202.61.88.152:9002/view/staticpags/jzxcscggg/2017-06-01/ca42100fe0234a3991fcdd0f2039fefd.html
2017-06-01,ĴʡڽǿƸ䶾ĴʡǿƸ䶾ĴʡڽǿƸ䶾2017䶾ԱɹĿб,http://202.61.88.152:9002/view/staticpags/jggg/2017-05-31/819aacfccdfb4f06a12f332c6e48e549.html
2017-06-01,ĴְҵѧԺ2017ͼɹĿб,http://202.61.88.152:9002/view/staticpags/jggg/2017-06-01/32c5ac84ce674668bdd344fe65c4fadd.html
2017-06-01,ĴʡʳƷҩƷԺʵǱĿɹڶΣб,http://202.61.88.152:9002/view/staticpags/jggg/2017-05-31/b36fcd10a60b4d8db03514c6d947a033.html
2017-06-01,ĴʡվĴʡ¥ʵһ죨ڣɹĿб,http://202.61.88.152:9002/view/staticpags/jggg/2017-06-01/366203e87f124fa2ab95370ad5ced1a7.html
2017-06-01,Ĵʡͳƾ֡ĴѧԺϢҽ輰ģͼר ѵ֧ϵͳС2016339ţб,http://202.61.88.152:9002/view/staticpags/jggg/2017-06-01/d12df32e877f4b62a86d5d99f4309647.html
2017-06-01,ĴְҵѧԺ2ѧԢάޣ23ԢɹĿԴ̽,http://202.61.88.152:9002/view/staticpags/jggg/2017-06-01/c809a02ee0be4679981bf8f6bc6dbece.html
2017-06-01,Ĵʦѧ2017վȺϵͳɹĿб,http://202.61.88.152:9002/view/staticpags/jggg/2017-06-01/b0be9585b510414187640679f937cc5f.html
2017-06-01,Ĵʦѧ2017ʨɽУ緿ͨά޸칤̲ɹĿԴ̽,http://202.61.88.152:9002/view/staticpags/jggg/2017-06-01/08dca14a5ebe4ac6b5cdc81ee8a22b27.html
2017-06-01,ĴʡҽԺ̬ĵѪѹһ¼ǲɹĿһԴ,http://202.61.88.152:9002/view/staticpags/jggg/2017-06-01/7790a63baf304c5385afb5385449859a.html
2017-06-01,ĴְҵѧԺĴְҵѧԺҵ켼ĲɹĿб,http://202.61.88.152:9002/view/staticpags/jggg/2017-06-01/957b6b20524c41ad82d177098283c165.html
2017-06-01,ĴʡԤİ̲ԼɹĿһԴ,http://202.61.88.152:9002/view/staticpags/jggg/2017-06-01/b10fd604ab954c8e94cee8f03ff11618.html
2017-06-01,ĴְͨҵѧԺѵۺ¥ȻĿ񣨵ڶΣһԴɹ,http://202.61.88.152:9002/view/staticpags/dylycggg/2017-05-31/6b6ee40ee31d44b58a8b91e0d400c972.html
2017-06-01,ĴʡϢļϢϵͳάɹĿһԴɹ,http://202.61.88.152:9002/view/staticpags/dylycggg/2017-06-01/295a2f6fbd224d7e814bc55e73cdeed4.html
2017-06-01,Ĵʡ߶2017ʡ͹ˮάĿ̸вɹ,http://202.61.88.152:9002/view/staticpags/jzxtpcggg/2017-06-01/7464d7ca64e143bfa7b26fd7ec5a99f8.html
2017-06-01,ĴʡҵҽԺĴʡҵҽԺҽú˴Ź豸ɹĿڶΣбɹ,http://202.61.88.152:9002/view/staticpags/gkzbcggg/2017-05-31/fd5161468e6646cdbf9c982f2d06702b.html
2017-06-01,ĴְͨҵѧԺ¥Ƶϵͳ豸ɹ(ڶ)бɹ,http://202.61.88.152:9002/view/staticpags/gkzbcggg/2017-06-01/58ec0e859aa44d6fac85b05513048a38.html
2017-06-01,ĴʡһĴʡһҽ豸ɹĿбɹ,http://202.61.88.152:9002/view/staticpags/gkzbcggg/2017-05-31/30e31ed6bc324f9eb3588d12a7f47459.html
2017-06-01,йĴʡίʡֱصУѧ¥ݸɹĿбɹ,http://202.61.88.152:9002/view/staticpags/gkzbcggg/2017-05-23/df65d425bbaa477ba33c045b23b37581.html
2017-06-01,Ĵʡͳƾ֡ĴѧԺϢҽ輰ģͼר ѵ֧ϵͳС2016339ţбɹ,http://202.61.88.152:9002/view/staticpags/gkzbcggg/2017-06-01/67534c13505c435b9d841920a3d4be0a.html
2017-06-01,ĴʡʳƷҩƷԺDMPKʵϢϵͳLIMSɹΣбɹ,http://202.61.88.152:9002/view/staticpags/gkzbcggg/2017-06-01/e32028c0c7df41b496ad5c93d834d770.html
2017-06-01,йĴʡίУ¼ҡǽ;Ʒγ¼ҲɹĿڶΣбɹ,http://202.61.88.152:9002/view/staticpags/gkzbcggg/2017-06-01/00f5489ee54241b886dcb1b33ba10945.html
2017-06-01,"�Ĵ�ʡ��ɽ����,�Ĵ�ʡ��������,�Ĵ�ʡ���Ѽ���2017�����ﷸ������������(��������)�ɹ���Ŀ�����б��ɹ�����",http://202.61.88.152:9002/view/staticpags/gkzbcggg/2017-06-01/ebb01fa4181446428d13fe36acddb539.html
2017-06-01,ĴְͨҵѧԺ2017귿ɹĿɹڶΣԴ̲ɹ,http://202.61.88.152:9002/view/staticpags/jzxcscggg/2017-05-31/11e6dec8c3454573b79b6cedb019cff6.html
2017-06-01,ĴʡŮǿƸ䶾Աѵظ칤̾Դ̲ɹ,http://202.61.88.152:9002/view/staticpags/jzxcscggg/2017-06-01/285642f000024cba9387c04542237086.html
2017-05-31,ĴʡͨѧУٹ·ʵά޸ɹĿԴ̲ɹ,http://202.61.88.152:9002/view/staticpags/jzxcscggg/2017-05-31/b4ab4af2206a46079376a086f81e71dc.html
2017-05-31,ڽʦѧԺͨ豸칫Ҿ߹бɹ,http://202.61.88.152:9002/view/staticpags/gkzbcggg/2017-05-27/c5693b7e0a1c42948be7b9ccbd069332.html
2017-05-31,ĴְͨҵѧԺĴְͨҵѧԺʵѵؽɹĿбɹ,http://202.61.88.152:9002/view/staticpags/gkzbcggg/2017-05-27/2ec908ecbfe24e7db844e4f246016412.html
2017-05-31,ĴְͨҵѧԺĴְͨҵѧԺǹʵѵҽĿбɹ,http://202.61.88.152:9002/view/staticpags/gkzbcggg/2017-05-27/93905cafeb384435b62b9ff0fc0c0523.html
2017-05-31,ϿƼѧϿƼѧУŽϵͳһڹбɹ,http://202.61.88.152:9002/view/staticpags/gkzbcggg/2017-05-31/8f56e36fc02e44d8964f34c7c8968998.html
2017-05-31,ĴʡܶĴʡʩɹĿбɹ,http://202.61.88.152:9002/view/staticpags/gkzbcggg/2017-05-31/27cd3c7fca1545608a95beba8a136236.html
2017-05-31,ĴʡˮְҵѧԺĴˮְҵѧԺѧ豸òɹĿбɹ,http://202.61.88.152:9002/view/staticpags/gkzbcggg/2017-05-31/3735cdb9da334d2ab88f827498204ab5.html
2017-05-31,ɶҽѧԺ2017йϵͳĿбɹ,http://202.61.88.152:9002/view/staticpags/gkzbcggg/2017-05-31/fe126bd2c0b94b2b8cdbb6eb3f65b475.html
2017-05-31,ĴְͨҵѧԺĴְͨҵѧԺ̻豸ɹĿбɹ,http://202.61.88.152:9002/view/staticpags/gkzbcggg/2017-05-31/c162b28d977e4a6f9f6426f179f8ef03.html
2017-05-31,ѧԷﾶά޸칤̾Դ̲ɹ,http://202.61.88.152:9002/view/staticpags/jzxcscggg/2017-05-31/bd4409d3aa6b4dfbb3541cdd2bdddfb1.html
2017-05-31,ĴƾְҵѧԺʵѵƽ̨ĿԴ̲ɹ,http://202.61.88.152:9002/view/staticpags/jzxcscggg/2017-05-24/8514c6ed1c5e4774aeb3172edfbb1066.html
2017-05-31,Ĵʡ·̹ĿɹԴ̲ɹ,http://202.61.88.152:9002/view/staticpags/jzxcscggg/2017-05-31/d60de670923d414c82a4dd60ca38d7e0.html
2017-05-31,ĴѧԺĤˮϵͳɹĿ б,http://202.61.88.152:9002/view/staticpags/jggg/2017-05-31/a6e89eb0849445e49beb863ecb99506d.html
2017-05-31,ĴʡҵҽԺĴʡҵҽԺҽú˴Ź豸ɹĿб,http://202.61.88.152:9002/view/staticpags/jggg/2017-05-31/6573f6652546467585a8a2f9ec7e551a.html
2017-05-31,ĴʡξϢĵ޲ɹĿһԴɹ,http://202.61.88.152:9002/view/staticpags/dylycggg/2017-05-31/c110cef1483a474681372fb0c89d929d.html
2017-05-31,ĴʡѧУĴʡѧУʵѵĸϵͳɹĿΣ̸вɹ,http://202.61.88.152:9002/view/staticpags/jzxtpcggg/2017-05-31/6802100394084eb994a9f953e29d7837.html
2017-05-31,ɶҽѧԺһҽԺ2017ɫճǡΧ񾭼ǵҽ豸ɹĿбɹ,http://202.61.88.152:9002/view/staticpags/gkzbcggg/2017-05-31/0220815badcb4545be990fd12bdab2ff.html
2017-05-31,Ĵʡල⾫ټֽشֽ߲Ŀбɹ,http://202.61.88.152:9002/view/staticpags/gkzbcggg/2017-05-31/70ed778ef4f24a75b99f885aeb0d7378.html
2017-05-31,ϿƼѧͼܡбɹ,http://202.61.88.152:9002/view/staticpags/gkzbcggg/2017-05-31/2adb8277e0a34061b6cb2b40603a1329.html
2017-05-31,ѧX߽ɹĿбɹ,http://202.61.88.152:9002/view/staticpags/gkzbcggg/2017-05-27/ecd4e1854d7f40e68d4d9fd1ce96c89f.html
2017-05-31,ϿƼѧѧԺʵѧ豸бɹ,http://202.61.88.152:9002/view/staticpags/gkzbcggg/2017-05-31/8ec5ecf4c61243f9aff464b804269bd6.html
2017-05-31,ɶҽѧԺһҽԺɶҽѧԺһҽԺǡϵͳǵҽ豸ɹĿбɹ,http://202.61.88.152:9002/view/staticpags/gkzbcggg/2017-05-31/7015c6689ca949199e3ff4e42ab32aef.html
2017-05-31,ĴְͨҵѧԺĴְͨҵѧԺϵʵѵ豸ɹĿбɹ,http://202.61.88.152:9002/view/staticpags/gkzbcggg/2017-05-27/9b81371ffe4e41d5b749b6250f216ce0.html
2017-05-31,ڽʦѧԺѧýѧ豸бɹ,http://202.61.88.152:9002/view/staticpags/gkzbcggg/2017-05-27/96056a013d054b0bbce13dbd6e96ebc2.html
2017-05-31,Ĵʡˮ˶ѧУĴʡˮ˶Ŀģ2017갲ɹĿбɹ,http://202.61.88.152:9002/view/staticpags/gkzbcggg/2017-05-26/39fa1c8a673a4f4da3e4a411d9bba26c.html
2017-05-31,ĴѧԺУ԰бɹ,http://202.61.88.152:9002/view/staticpags/gkzbcggg/2017-05-26/d0dfe6aa5876440284a180fecfd21b34.html
2017-05-27,ĴʡͨϢĹ·ˮ·гϢϵͳ̵4Ӳ֧ϵͳɹĿ(ڶ)б,/view/staticpags/jggg/402886875b8497b4015c492048f65184.html
2017-05-27,ĴĻҵְҵѧԺĴʡɲѧԺѧĿԴ̲ɹ,http://202.61.88.152:9002/view/staticpags/jzxcscggg/2017-05-27/c3cfbff99eae48c9b509c6898d4a0781.html
2017-05-27,ĴʡҽѧѧԺĴʡҽԺʵ鶯оĴʡҽѧѧԺĴʡҽԺʵ鶯о豸ɹĿбɹ,http://202.61.88.152:9002/view/staticpags/gkzbcggg/2017-05-09/a3b0dc7790f847b7a8061fbc980ab3fc.html
2017-05-27,ĴʦѧĴʦѧ2017ѧԢʨɽУͼά޸칤̾Դ̲ɹĿԴ̲ɹ,http://202.61.88.152:9002/view/staticpags/jzxcscggg/2017-05-27/89975d9377064eea942e42e137e2ca2e.html
2017-05-27,ĴʡѧԺĴѧԺΣý幵ͨ龰ģʵѵҽɹĿڶΣԴ̲ɹ,http://202.61.88.152:9002/view/staticpags/jzxcscggg/2017-05-27/deac4fda19ad4ce3ac4431d173befa3e.html
2017-05-27,ʦѧ2017ѧʵϰշɹĿԴ̲ɹ,http://202.61.88.152:9002/view/staticpags/jzxcscggg/2017-05-24/4b992fb1c17841d7853175107ad5cdd4.html
2017-05-27,ĴĻҵְҵѧԺĴʡɲѧԺӰʵѵ豸ɹĿΣԴ̲ɹ,http://202.61.88.152:9002/view/staticpags/jzxcscggg/2017-05-27/957aedc7545548f7bfad98e5c919bb81.html
2017-05-27,ĴʡվĴʡվˮװбϷɹĿԴ̲ɹ,http://202.61.88.152:9002/view/staticpags/jzxcscggg/2017-05-27/169f7e04c612449b911362822ad3330f.html
2017-05-27,ĴְҵѧԺĴְҵѧԺ豸豸ɹϵͳά޷ɹĿԴ̲ɹ,http://202.61.88.152:9002/view/staticpags/jzxcscggg/2017-05-27/818ae5e5b57a477da3e7bff638dddb07.html
2017-05-27,ĴְҵѧԺܻʵѵĲɹĿбɹ,http://202.61.88.152:9002/view/staticpags/gkzbcggg/2017-05-27/2805e301ebf948dd96c73c97bbfaba81.html
2017-05-27,ʦѧԺо׼ҽ蹫бɹ,http://202.61.88.152:9002/view/staticpags/gkzbcggg/2017-05-26/71172619355a4d95920fff49fa5a4c88.html
2017-05-27,ĴʡȫලĴʡȫۺԤƽ̨ɹĿбɹ,http://202.61.88.152:9002/view/staticpags/gkzbcggg/2017-05-27/dcb7054486e74fa899f83fe505ee41f5.html
2017-05-27,ʦѧԺýѧר豸бɹ,http://202.61.88.152:9002/view/staticpags/gkzbcggg/2017-05-26/5b02ccf0893841d497796106d50634d8.html
2017-05-27,ĴʡվĴʡ84ʡسлԶվзɹĿбɹ,http://202.61.88.152:9002/view/staticpags/gkzbcggg/2017-05-26/926b048f654c4af6a29510b69b9bab69.html
2017-05-27,Ĵʡ»ǿƸ䶾칫Ҿþ߹бɹ,http://202.61.88.152:9002/view/staticpags/gkzbcggg/2017-05-27/c98d0bb2e63646e18658f9641692140f.html
2017-05-27,ĴʡӢװɹĿбɹ,http://202.61.88.152:9002/view/staticpags/gkzbcggg/2017-05-27/52e43cf65a284e93a82519bf92d78c56.html
2017-05-27,ѧͼ2017ֽͼ顢ڿӦΧɹĿбɹ,http://202.61.88.152:9002/view/staticpags/gkzbcggg/2017-05-27/2e7d3c40354b4b94a906fbb4c5e2d077.html
2017-05-27,Ĵʡͳƾ߼ƽ̨ɹĿбɹ,http://202.61.88.152:9002/view/staticpags/gkzbcggg/2017-05-27/a433dfc6580f416582dc5e0517199164.html
2017-05-27,Ĵ㲥̨2017omneonάŴýʴ洢ĲĹбɹ,http://202.61.88.152:9002/view/staticpags/gkzbcggg/2017-05-27/394f1c4f359f40378f8e8674a24c3d3f.html
2017-05-27,ĴʡͨϢ2017ȽͨƶӦָͨƽ̨άĿбɹ,http://202.61.88.152:9002/view/staticpags/gkzbcggg/2017-05-27/7deac76e90ed48a8aa606902ee817a12.html
2017-05-27,Ĵʦѧ⻯ʵңС2016350ţбɹ,http://202.61.88.152:9002/view/staticpags/gkzbcggg/2017-05-25/9da121e6d45f496b84fe622f0f747f66.html
2017-05-27,ϿƼѧ˶ݸƵϵͳбɹ,http://202.61.88.152:9002/view/staticpags/gkzbcggg/2017-05-27/b0013d81f134476cb53f6c872ae80e65.html
2017-05-27,Ĵʡվߺ״״ߺ졢״άݷݹƽ̨衢άݷĿбɹ,http://202.61.88.152:9002/view/staticpags/gkzbcggg/2017-05-26/6eb7153ffd6047f6bab3a1d351dc820c.html
2017-05-27,ĴְҵѧԺԶĥϵͳɹбɹ,http://202.61.88.152:9002/view/staticpags/gkzbcggg/2017-05-26/c71cab9ee0744064b1b39885eb236bec.html
2017-05-27,ĴʡƷලԺר豸ɹĿбɹ,http://202.61.88.152:9002/view/staticpags/gkzbcggg/2017-05-27/6af242389a9b4e96865c324fda217186.html
2017-05-27,Ĵʡ2017װɹĿбɹ,http://202.61.88.152:9002/view/staticpags/gkzbcggg/2017-05-27/f9f22395fbf443468d9c15b8c0239036.html
2017-05-27,ʦѧԺУ԰ذȫ豸бɹ,http://202.61.88.152:9002/view/staticpags/gkzbcggg/2017-05-26/543ab4ca80fd4b8bae1d8ca540197bb3.html
